timestamp,run_name,runner,git_commit,model_path,best_epoch,best_metric_name,best_metric_value,val_loss,val_accuracy,val_f1_macro,val_f1_weighted,val_precision_macro,val_recall_macro,epochs_max,patience,lr,clip_grad_max_norm,criterion_type,scheduler_step_per_batch,model_type,model_class,optimiser_class,scheduler_class,criterion_class,energy_model,training_time_sec,test_loss,test_accuracy,test_f1_macro,test_f1_weighted,test_precision_macro,test_recall_macro,test_auto_classification_rate,test_fatal_flag_rate,req_high_confidence_met,confidence_high_rate,confidence_medium_rate,confidence_low_rate,test_fatal_accuracy,req_fatal_accuracy_met,req_all_f1_targets_met,per_class_requirements
2026-04-27 17:44:53,tf_idf_run_20260427_174451,Andre_Hrs,61f168d,trained_models/20260427_174451_tf_idf/tf_idf_model.pt,9,f1_macro,0.6186934113502502,1.1267485050209465,0.6582278609275818,0.6186934113502502,0.6514859795570374,0.7028986215591431,0.5891317129135132,120,15,0.0048727317149444,1.0,cross_entropy,False,tf_idf,TFIDFClassifier,Adam,SequentialLR,CrossEntropyLoss,True,0.978036880493164,,,,,,,,,,,,,,,,
2026-04-27 17:44:55,tf_idf_run_20260427_174453,Andre_Hrs,61f168d,trained_models/20260427_174453_tf_idf/tf_idf_model.pt,11,f1_macro,0.6173560619354248,1.1226907359899851,0.6540084481239319,0.6173560619354248,0.6465417742729187,0.7116158604621887,0.5778235793113708,80,15,0.0013529254522181,1.0,cross_entropy,False,tf_idf,TFIDFClassifier,Adam,CosineAnnealingLR,CrossEntropyLoss,True,0.8402833938598633,,,,,,,,,,,,,,,,
2026-04-27 17:44:57,tf_idf_run_20260427_174455,Andre_Hrs,61f168d,trained_models/20260427_174455_tf_idf/tf_idf_model.pt,14,f1_macro,0.6140090823173523,1.1206661256556774,0.6413502097129822,0.6140090823173523,0.6352960467338562,0.7066291570663452,0.5759921073913574,110,15,0.0019734900153285,1.0,cross_entropy,False,tf_idf,TFIDFClassifier,Adam,SequentialLR,CrossEntropyLoss,True,0.9188015460968018,,,,,,,,,,,,,,,,
2026-04-27 17:44:59,tf_idf_run_20260427_174457,Andre_Hrs,61f168d,trained_models/20260427_174457_tf_idf/tf_idf_model.pt,7,f1_macro,0.5795001983642578,1.1455472375773177,0.6413502097129822,0.5795001983642578,0.6249619126319885,0.6862623691558838,0.5470293760299683,110,15,0.0072436411316467,1.0,cross_entropy,False,tf_idf,TFIDFClassifier,Adam,SequentialLR,CrossEntropyLoss,True,0.7014577388763428,,,,,,,,,,,,,,,,
2026-04-27 17:45:03,tf_idf_run_20260427_174459,Andre_Hrs,61f168d,trained_models/20260427_174459_tf_idf/tf_idf_model.pt,56,f1_macro,0.5441159605979919,1.1843478423130662,0.6286919713020325,0.5441159605979919,0.6112352609634399,0.6932733654975891,0.5138514637947083,80,15,0.0003294075226188,1.0,cross_entropy,False,tf_idf,TFIDFClassifier,Adam,CosineAnnealingLR,CrossEntropyLoss,True,2.199251413345337,,,,,,,,,,,,,,,,
2026-04-27 17:45:05,tf_idf_run_20260427_174503,Andre_Hrs,61f168d,trained_models/20260427_174503_tf_idf/tf_idf_model.pt,9,f1_macro,0.6104150414466858,1.1145465942374764,0.649789035320282,0.6104150414466858,0.6422989964485168,0.7007021307945251,0.5741050839424133,60,15,0.0012009305616247,1.0,cross_entropy,False,tf_idf,TFIDFClassifier,Adam,StepLR,CrossEntropyLoss,True,0.7905597686767578,,,,,,,,,,,,,,,,
2026-04-27 17:45:07,tf_idf_run_20260427_174505,Andre_Hrs,61f168d,trained_models/20260427_174505_tf_idf/tf_idf_model.pt,6,f1_macro,0.6371126770973206,1.1210033476101195,0.6666666865348816,0.6371126770973206,0.6596149206161499,0.7264971137046814,0.5989691019058228,80,15,0.0015399683906492,1.0,cross_entropy,False,tf_idf,TFIDFClassifier,Adam,StepLR,CrossEntropyLoss,True,0.6903274059295654,,,,,,,,,,,,,,,,
2026-04-27 17:45:10,tf_idf_run_20260427_174507,Andre_Hrs,61f168d,trained_models/20260427_174507_tf_idf/tf_idf_model.pt,42,f1_macro,0.6199384331703186,1.1355305346758555,0.649789035320282,0.6199384331703186,0.6425249576568604,0.7296963334083557,0.577226996421814,150,15,0.0003001517076341,1.0,cross_entropy,False,tf_idf,TFIDFClassifier,Adam,SequentialLR,CrossEntropyLoss,True,1.827108383178711,,,,,,,,,,,,,,,,
2026-04-27 17:45:11,tf_idf_run_20260427_174510,Andre_Hrs,61f168d,trained_models/20260427_174510_tf_idf/tf_idf_model.pt,6,f1_macro,0.5981507897377014,1.119169293576655,0.6413502097129822,0.5981507897377014,0.630358099937439,0.7086502313613892,0.5675588250160217,140,15,0.0037843409793654,1.0,cross_entropy,False,tf_idf,TFIDFClassifier,Adam,CosineAnnealingLR,CrossEntropyLoss,True,0.6491990089416504,,,,,,,,,,,,,,,,
2026-04-27 17:45:14,tf_idf_run_20260427_174512,Andre_Hrs,61f168d,trained_models/20260427_174512_tf_idf/tf_idf_model.pt,13,f1_macro,0.6032224893569946,1.132488088265753,0.6371307969093323,0.6032224893569946,0.6298434734344482,0.6938161253929138,0.5684440732002258,120,15,0.0018621688636051,1.0,cross_entropy,False,tf_idf,TFIDFClassifier,Adam,SequentialLR,CrossEntropyLoss,True,0.8928849697113037,,,,,,,,,,,,,,,,
2026-04-27 17:45:16,tf_idf_run_20260427_174514,Andre_Hrs,61f168d,trained_models/20260427_174514_tf_idf/tf_idf_model.pt,25,f1_macro,0.4981724917888641,1.2516518122033229,0.6118143200874329,0.4981724917888641,0.5833449363708496,0.7442002296447754,0.4708721935749054,30,15,0.0004614957018017,1.0,cross_entropy,False,tf_idf,TFIDFClassifier,Adam,StepLR,CrossEntropyLoss,True,1.0046851634979248,,,,,,,,,,,,,,,,
2026-04-27 17:45:22,tf_idf_run_20260427_174516,Andre_Hrs,61f168d,trained_models/20260427_174516_tf_idf/tf_idf_model.pt,150,f1_macro,0.5349903702735901,1.2149950074747142,0.6329113841056824,0.5349903702735901,0.6121816635131836,0.7430974841117859,0.5081737637519836,150,15,0.0001124955437291,1.0,cross_entropy,False,tf_idf,TFIDFClassifier,Adam,,CrossEntropyLoss,True,4.596019744873047,,,,,,,,,,,,,,,,
2026-04-27 17:45:25,tf_idf_run_20260427_174522,Andre_Hrs,61f168d,trained_models/20260427_174522_tf_idf/tf_idf_model.pt,42,f1_macro,0.5948085188865662,1.126382974129689,0.6455696225166321,0.5948085188865662,0.6359034180641174,0.709071159362793,0.5519605875015259,50,15,0.0004426971415368,1.0,cross_entropy,False,tf_idf,TFIDFClassifier,Adam,StepLR,CrossEntropyLoss,True,1.6512742042541504,,,,,,,,,,,,,,,,
2026-04-27 17:45:29,tf_idf_run_20260427_174526,Andre_Hrs,61f168d,trained_models/20260427_174526_tf_idf/tf_idf_model.pt,88,f1_macro,0.4352814257144928,1.359768104955617,0.6033755540847778,0.4352814257144928,0.5569837689399719,0.7308284044265747,0.4298618137836456,90,15,0.0001403268842924,1.0,cross_entropy,False,tf_idf,TFIDFClassifier,Adam,,CrossEntropyLoss,True,2.7926340103149414,,,,,,,,,,,,,,,,
2026-04-27 17:45:32,tf_idf_run_20260427_174530,Andre_Hrs,61f168d,trained_models/20260427_174530_tf_idf/tf_idf_model.pt,29,f1_macro,0.618471086025238,1.1286139930853865,0.649789035320282,0.618471086025238,0.6411533951759338,0.7217629551887512,0.5799742341041565,60,15,0.0007009595653689,1.0,cross_entropy,False,tf_idf,TFIDFClassifier,Adam,StepLR,CrossEntropyLoss,True,1.4156570434570312,,,,,,,,,,,,,,,,
2026-04-27 17:45:35,tf_idf_run_20260427_174532,Andre_Hrs,61f168d,trained_models/20260427_174532_tf_idf/tf_idf_model.pt,40,f1_macro,0.6113688349723816,1.135698233475665,0.6540084481239319,0.6113688349723816,0.645801842212677,0.7083734273910522,0.5701091289520264,140,15,0.0002424143818541,1.0,cross_entropy,False,tf_idf,TFIDFClassifier,Adam,SequentialLR,CrossEntropyLoss,True,1.8152642250061035,,,,,,,,,,,,,,,,
2026-04-27 17:45:37,tf_idf_run_20260427_174535,Andre_Hrs,61f168d,trained_models/20260427_174535_tf_idf/tf_idf_model.pt,11,f1_macro,0.6121668219566345,1.1206727420227438,0.649789035320282,0.6121668219566345,0.6412374973297119,0.7269109487533569,0.5692765712738037,100,15,0.0007877788689399,1.0,cross_entropy,False,tf_idf,TFIDFClassifier,Adam,StepLR,CrossEntropyLoss,True,0.8570983409881592,,,,,,,,,,,,,,,,
2026-04-27 17:45:41,tf_idf_run_20260427_174537,Andre_Hrs,61f168d,trained_models/20260427_174537_tf_idf/tf_idf_model.pt,62,f1_macro,0.6214078068733215,1.1244477521518113,0.6540084481239319,0.6214078068733215,0.6462557911872864,0.728177011013031,0.5798909664154053,80,15,0.0002045972609549,1.0,cross_entropy,False,tf_idf,TFIDFClassifier,Adam,,CrossEntropyLoss,True,2.436131477355957,,,,,,,,,,,,,,,,
2026-04-27 17:45:43,tf_idf_run_20260427_174541,Andre_Hrs,61f168d,trained_models/20260427_174541_tf_idf/tf_idf_model.pt,12,f1_macro,0.5919052362442017,1.1542674343294232,0.6413502097129822,0.5919052362442017,0.6331614255905151,0.6829094290733337,0.54996258020401,70,15,0.0024373346808864,1.0,cross_entropy,False,tf_idf,TFIDFClassifier,Adam,,CrossEntropyLoss,True,0.83559250831604,,,,,,,,,,,,,,,,
2026-04-27 17:45:45,tf_idf_run_20260427_174543,Andre_Hrs,61f168d,trained_models/20260427_174543_tf_idf/tf_idf_model.pt,29,f1_macro,0.5009604692459106,1.2495411971450354,0.6118143200874329,0.5009604692459106,0.584218442440033,0.7441263794898987,0.4747017025947571,30,15,0.0001747908626021,1.0,cross_entropy,False,tf_idf,TFIDFClassifier,Adam,,CrossEntropyLoss,True,0.996957778930664,,,,,,,,,,,,,,,,
2026-04-27 17:45:48,tf_idf_run_20260427_174545,Andre_Hrs,61f168d,trained_models/20260427_174545_tf_idf/tf_idf_model.pt,20,f1_macro,0.6136111617088318,1.1227368790389114,0.6413502097129822,0.6136111617088318,0.6329158544540405,0.7223864197731018,0.5715659856796265,50,15,0.0005780264765368,1.0,cross_entropy,False,tf_idf,TFIDFClassifier,Adam,,CrossEntropyLoss,True,1.1196637153625488,,,,,,,,,,,,,,,,
2026-04-27 17:45:51,tf_idf_run_20260427_174548,Andre_Hrs,61f168d,trained_models/20260427_174548_tf_idf/tf_idf_model.pt,55,f1_macro,0.624735414981842,1.1190107261078268,0.6582278609275818,0.624735414981842,0.6499732136726379,0.7296332120895386,0.5845530033111572,90,15,0.0002260063614685,1.0,cross_entropy,False,tf_idf,TFIDFClassifier,Adam,,CrossEntropyLoss,True,2.206239938735962,,,,,,,,,,,,,,,,
2026-04-27 17:45:55,tf_idf_run_20260427_174551,Andre_Hrs,61f168d,trained_models/20260427_174551_tf_idf/tf_idf_model.pt,53,f1_macro,0.6072641611099243,1.127539873123169,0.6455696225166321,0.6072641611099243,0.6363581418991089,0.7099968791007996,0.5693598389625549,90,15,0.0002674835174654,1.0,cross_entropy,False,tf_idf,TFIDFClassifier,Adam,,CrossEntropyLoss,True,2.1739630699157715,,,,,,,,,,,,,,,,
2026-04-27 17:45:59,tf_idf_run_20260427_174555,Andre_Hrs,61f168d,trained_models/20260427_174555_tf_idf/tf_idf_model.pt,62,f1_macro,0.6173983812332153,1.1276755851029343,0.6624472737312317,0.6173983812332153,0.6536933183670044,0.7126649022102356,0.5774351358413696,70,15,0.0002079683381426,1.0,cross_entropy,False,tf_idf,TFIDFClassifier,Adam,,CrossEntropyLoss,True,2.254146814346313,,,,,,,,,,,,,,,,
2026-04-27 17:46:03,tf_idf_run_20260427_174559,Andre_Hrs,61f168d,trained_models/20260427_174559_tf_idf/tf_idf_model.pt,100,f1_macro,0.5610682964324951,1.1473404782733836,0.6413502097129822,0.5610682964324951,0.6256132125854492,0.7043012976646423,0.5333874821662903,100,15,0.0001116492874604,1.0,cross_entropy,False,tf_idf,TFIDFClassifier,Adam,,CrossEntropyLoss,True,3.14669132232666,,,,,,,,,,,,,,,,
2026-04-27 17:46:05,tf_idf_run_20260427_174603,Andre_Hrs,61f168d,trained_models/20260427_174603_tf_idf/tf_idf_model.pt,18,f1_macro,0.6102913618087769,1.1292460860079352,0.649789035320282,0.6102913618087769,0.6417734622955322,0.7034879922866821,0.5721070766448975,80,15,0.0008519395502363,1.0,cross_entropy,False,tf_idf,TFIDFClassifier,Adam,StepLR,CrossEntropyLoss,True,1.0752928256988523,,,,,,,,,,,,,,,,
2026-04-27 17:46:08,tf_idf_run_20260427_174605,Andre_Hrs,61f168d,trained_models/20260427_174605_tf_idf/tf_idf_model.pt,26,f1_macro,0.6108308434486389,1.1342631945630166,0.6540084481239319,0.6108308434486389,0.6460492014884949,0.6992188692092896,0.5711081027984619,100,15,0.0003995897424183,1.0,cross_entropy,False,tf_idf,TFIDFClassifier,Adam,,CrossEntropyLoss,True,1.342643976211548,,,,,,,,,,,,,,,,
2026-04-27 17:46:09,tf_idf_run_20260427_174608,Andre_Hrs,61f168d,trained_models/20260427_174608_tf_idf/tf_idf_model.pt,6,f1_macro,0.2289638221263885,2.76655707983025,0.4388185739517212,0.2289638221263885,0.3532431125640869,0.7117373943328857,0.2469821870326995,70,15,0.0001610493633094,1.0,cross_entropy,False,tf_idf,TFIDFClassifier,Adam,,CrossEntropyLoss,True,0.6519725322723389,,,,,,,,,,,,,,,,
2026-04-27 17:46:12,tf_idf_run_20260427_174609,Andre_Hrs,61f168d,trained_models/20260427_174609_tf_idf/tf_idf_model.pt,4,f1_macro,0.5958508849143982,1.1296907950051225,0.6413502097129822,0.5958508849143982,0.6285701394081116,0.6986022591590881,0.5686244368553162,90,15,0.0036675125482448,1.0,cross_entropy,False,tf_idf,TFIDFClassifier,Adam,StepLR,CrossEntropyLoss,True,0.5915329456329346,,,,,,,,,,,,,,,,
2026-04-27 17:46:14,tf_idf_run_20260427_174612,Andre_Hrs,61f168d,trained_models/20260427_174612_tf_idf/tf_idf_model.pt,4,f1_macro,0.6032335758209229,1.2372820181182669,0.6329113841056824,0.6032335758209229,0.6256342530250549,0.6677713394165039,0.576012909412384,120,15,0.0086417184311708,1.0,cross_entropy,False,tf_idf,TFIDFClassifier,Adam,CosineAnnealingLR,CrossEntropyLoss,True,0.6146821975708008,,,,,,,,,,,,,,,,
2026-04-27 17:46:16,tf_idf_run_20260427_174614,Andre_Hrs,61f168d,trained_models/20260427_174614_tf_idf/tf_idf_model.pt,8,f1_macro,0.6127010583877563,1.1104904091307886,0.6413502097129822,0.6127010583877563,0.634131133556366,0.7159426808357239,0.5733975172042847,60,15,0.0012540356745599,1.0,cross_entropy,False,tf_idf,TFIDFClassifier,Adam,,CrossEntropyLoss,True,0.7573561668395996,,,,,,,,,,,,,,,,
2026-04-27 17:46:19,tf_idf_run_20260427_174616,Andre_Hrs,61f168d,trained_models/20260427_174616_tf_idf/tf_idf_model.pt,41,f1_macro,0.6102429032325745,1.1349016362604714,0.6329113841056824,0.6102429032325745,0.6257326006889343,0.7181896567344666,0.5680694580078125,130,15,0.0003196091234222,1.0,cross_entropy,False,tf_idf,TFIDFClassifier,Adam,SequentialLR,CrossEntropyLoss,True,1.7968451976776123,,,,,,,,,,,,,,,,
2026-04-27 17:46:22,tf_idf_run_20260427_174619,Andre_Hrs,61f168d,trained_models/20260427_174619_tf_idf/tf_idf_model.pt,40,f1_macro,0.5018168091773987,1.2942990381506423,0.6118143200874329,0.5018168091773987,0.5836255550384521,0.7964226603507996,0.4709554314613342,80,15,0.0001991321599407,1.0,cross_entropy,False,tf_idf,TFIDFClassifier,Adam,SequentialLR,CrossEntropyLoss,True,1.71972393989563,,,,,,,,,,,,,,,,
2026-04-27 17:46:24,tf_idf_run_20260427_174622,Andre_Hrs,61f168d,trained_models/20260427_174622_tf_idf/tf_idf_model.pt,27,f1_macro,0.6161448955535889,1.1229875973005334,0.649789035320282,0.6161448955535889,0.6413726806640625,0.7158108353614807,0.5752289295196533,110,15,0.0005685649342206,1.0,cross_entropy,False,tf_idf,TFIDFClassifier,Adam,SequentialLR,CrossEntropyLoss,True,1.3537588119506836,,,,,,,,,,,,,,,,
2026-04-27 17:46:26,tf_idf_run_20260427_174624,Andre_Hrs,61f168d,trained_models/20260427_174624_tf_idf/tf_idf_model.pt,12,f1_macro,0.6091894507408142,1.1300234251384491,0.649789035320282,0.6091894507408142,0.6431972980499268,0.6998412013053894,0.5712745785713196,90,15,0.001718481528232,1.0,cross_entropy,False,tf_idf,TFIDFClassifier,Adam,SequentialLR,CrossEntropyLoss,True,0.8692021369934082,,,,,,,,,,,,,,,,
2026-04-27 17:46:30,tf_idf_run_20260427_174626,Andre_Hrs,61f168d,trained_models/20260427_174626_tf_idf/tf_idf_model.pt,94,f1_macro,0.5478167533874512,1.1662083547326585,0.6202531456947327,0.5478167533874512,0.6034653186798096,0.7154615521430969,0.5150724649429321,100,15,0.0002916263903761,1.0,cross_entropy,False,tf_idf,TFIDFClassifier,Adam,CosineAnnealingLR,CrossEntropyLoss,True,3.150449514389038,,,,,,,,,,,,,,,,
2026-04-27 17:46:34,tf_idf_run_20260427_174630,Andre_Hrs,61f168d,trained_models/20260427_174630_tf_idf/tf_idf_model.pt,5,f1_macro,0.6233530044555664,1.1011712903211892,0.6666666865348816,0.6233530044555664,0.6580832004547119,0.724263072013855,0.5854548215866089,80,15,0.0029212725756672,1.0,cross_entropy,False,tf_idf,TFIDFClassifier,Adam,StepLR,CrossEntropyLoss,True,0.6463527679443359,,,,,,,,,,,,,,,,
2026-04-27 17:46:35,tf_idf_run_20260427_174634,Andre_Hrs,61f168d,trained_models/20260427_174634_tf_idf/tf_idf_model.pt,5,f1_macro,0.6021519899368286,1.1306216922993395,0.6371307969093323,0.6021519899368286,0.6305192112922668,0.7060949802398682,0.5615481734275818,80,15,0.0031807637349674,1.0,cross_entropy,False,tf_idf,TFIDFClassifier,Adam,StepLR,CrossEntropyLoss,True,0.6580924987792969,,,,,,,,,,,,,,,,
2026-04-27 17:46:37,tf_idf_run_20260427_174635,Andre_Hrs,61f168d,trained_models/20260427_174635_tf_idf/tf_idf_model.pt,6,f1_macro,0.5848200917243958,1.1414966236186932,0.6329113841056824,0.5848200917243958,0.6252493262290955,0.6463244557380676,0.5550824403762817,70,15,0.0057715924381107,1.0,cross_entropy,False,tf_idf,TFIDFClassifier,Adam,StepLR,CrossEntropyLoss,True,0.6624810695648193,,,,,,,,,,,,,,,,
2026-04-27 17:46:39,tf_idf_run_20260427_174637,Andre_Hrs,61f168d,trained_models/20260427_174637_tf_idf/tf_idf_model.pt,7,f1_macro,0.6010097861289978,1.144928083138124,0.649789035320282,0.6010097861289978,0.6428890228271484,0.6904580593109131,0.5610347986221313,50,15,0.0026375958847575,1.0,cross_entropy,False,tf_idf,TFIDFClassifier,Adam,StepLR,CrossEntropyLoss,True,0.7078914642333984,,,,,,,,,,,,,,,,
2026-04-27 17:46:50,tf_idf_run_20260427_174649,Andre_Hrs,61f168d,trained_models/20260427_174649_tf_idf/tf_idf_model.pt,7,f1_macro,0.6319558620452881,1.105707167573116,0.6708860993385315,0.6319558620452881,0.6634318232536316,0.7230247855186462,0.5930028557777405,80,15,0.0015399683906492,1.0,cross_entropy,False,tf_idf,TFIDFClassifier,Adam,StepLR,CrossEntropyLoss,True,0.7074251174926758,,,,,,,,,,,,,,,,
2026-04-27 17:46:52,tf_idf_run_20260427_174651,Andre_Hrs,61f168d,trained_models/20260427_174651_tf_idf/tf_idf_model.pt,6,f1_macro,0.6130257248878479,1.1143018238655122,0.6455696225166321,0.6130257248878479,0.6376516819000244,0.7255655527114868,0.5712746381759644,80,15,0.0015399683906492,1.0,cross_entropy,False,tf_idf,TFIDFClassifier,Adam,StepLR,CrossEntropyLoss,True,0.6949961185455322,,,,,,,,,,,,,,,,
2026-04-27 17:46:54,tf_idf_run_20260427_174652,Andre_Hrs,61f168d,trained_models/20260427_174652_tf_idf/tf_idf_model.pt,9,f1_macro,0.6130661368370056,1.1343249324001845,0.6540084481239319,0.6130661368370056,0.6465849876403809,0.6935345530509949,0.5756868720054626,80,15,0.0015399683906492,1.0,cross_entropy,False,tf_idf,TFIDFClassifier,Adam,StepLR,CrossEntropyLoss,True,0.7944610118865967,,,,,,,,,,,,,,,,
2026-04-27 17:47:00,tf_idf_run_20260427_174654,Andre_Hrs,61f168d,trained_models/20260427_174654_tf_idf/tf_idf_model.pt,8,f1_macro,0.6134705543518066,1.12582973940966,0.6540084481239319,0.6134705543518066,0.6456741094589233,0.7000606060028076,0.5746046304702759,80,15,0.0015399683906492,1.0,cross_entropy,False,tf_idf,TFIDFClassifier,Adam,StepLR,CrossEntropyLoss,True,0.7679862976074219,,,,,,,,,,,,,,,,
2026-04-27 17:47:01,tf_idf_run_20260427_174700,Andre_Hrs,61f168d,trained_models/20260427_174700_tf_idf/tf_idf_model.pt,7,f1_macro,0.6341861486434937,1.1147025954371264,0.6624472737312317,0.6341861486434937,0.6557149887084961,0.7183125615119934,0.6008839011192322,80,15,0.0015399683906492,1.0,cross_entropy,False,tf_idf,TFIDFClassifier,Adam,StepLR,CrossEntropyLoss,True,0.7108314037322998,,,,,,,,,,,,,,,,
2026-04-27 17:47:12,tf_idf_run_20260427_174711,Andre_Hrs,61f168d,trained_models/20260427_174711_tf_idf/tf_idf_model.pt,9,f1_macro,0.5707757472991943,0.5175787687301636,0.762499988079071,0.5707757472991943,0.745805025100708,0.6225793957710266,0.5414273142814636,150,15,0.0006391063276878,1.0,cross_entropy,False,tf_idf,TFIDFClassifier,Adam,StepLR,CrossEntropyLoss,False,0.759570837020874,,,,,,,,,,,,,,,,
2026-04-27 17:47:15,tf_idf_run_20260427_174713,Andre_Hrs,61f168d,trained_models/20260427_174713_tf_idf/tf_idf_model.pt,9,f1_macro,0.5888137221336365,0.5178999265034994,0.7708333134651184,0.5888137221336365,0.7548417448997498,0.6451048254966736,0.5566332936286926,40,15,0.0010130289897939,1.0,cross_entropy,False,tf_idf,TFIDFClassifier,Adam,SequentialLR,CrossEntropyLoss,False,0.747189998626709,,,,,,,,,,,,,,,,
2026-04-27 17:47:16,tf_idf_run_20260427_174715,Andre_Hrs,61f168d,trained_models/20260427_174715_tf_idf/tf_idf_model.pt,11,f1_macro,0.5706145763397217,0.5465118686358134,0.7666666507720947,0.5706145763397217,0.7469678521156311,0.6399633884429932,0.5361635684967041,40,15,0.0017710551587496,1.0,cross_entropy,False,tf_idf,TFIDFClassifier,Adam,CosineAnnealingLR,CrossEntropyLoss,False,0.7882719039916992,,,,,,,,,,,,,,,,
2026-04-27 17:47:18,tf_idf_run_20260427_174716,Andre_Hrs,61f168d,trained_models/20260427_174716_tf_idf/tf_idf_model.pt,35,f1_macro,0.5740091800689697,0.5317187666893005,0.7708333134651184,0.5740091800689697,0.750309407711029,0.6474579572677612,0.5380362868309021,70,15,0.0003159832272454,1.0,cross_entropy,False,tf_idf,TFIDFClassifier,Adam,SequentialLR,CrossEntropyLoss,False,1.5307316780090332,,,,,,,,,,,,,,,,
2026-04-27 17:47:19,tf_idf_run_20260427_174718,Andre_Hrs,61f168d,trained_models/20260427_174718_tf_idf/tf_idf_model.pt,1,f1_macro,0.2838915586471557,1.0417547861735026,0.7416666746139526,0.2838915586471557,0.6316587328910828,0.7416666746139526,0.3333333432674408,130,15,0.0002271593561572,1.0,cross_entropy,False,tf_idf,TFIDFClassifier,Adam,CosineAnnealingLR,CrossEntropyLoss,False,0.482750654220581,,,,,,,,,,,,,,,,
2026-04-27 17:47:21,tf_idf_run_20260427_174719,Andre_Hrs,61f168d,trained_models/20260427_174719_tf_idf/tf_idf_model.pt,8,f1_macro,0.58506840467453,0.5266107042630513,0.762499988079071,0.58506840467453,0.7500682473182678,0.6234590411186218,0.5600243210792542,90,15,0.0033508446596982,1.0,cross_entropy,False,tf_idf,TFIDFClassifier,Adam,SequentialLR,CrossEntropyLoss,False,0.698000431060791,,,,,,,,,,,,,,,,
2026-04-27 17:47:22,tf_idf_run_20260427_174721,Andre_Hrs,61f168d,trained_models/20260427_174721_tf_idf/tf_idf_model.pt,8,f1_macro,0.5695852637290955,0.5261727333068847,0.7666666507720947,0.5695852637290955,0.7470046281814575,0.6344444751739502,0.5361635684967041,100,15,0.0007936387156329,1.0,cross_entropy,False,tf_idf,TFIDFClassifier,Adam,,CrossEntropyLoss,False,0.748004674911499,,,,,,,,,,,,,,,,
2026-04-27 17:47:24,tf_idf_run_20260427_174722,Andre_Hrs,61f168d,trained_models/20260427_174722_tf_idf/tf_idf_model.pt,12,f1_macro,0.5683085322380066,0.5564135670661926,0.7541666626930237,0.5683085322380066,0.7410323023796082,0.6057977080345154,0.5448183417320251,90,15,0.0009355785023704,1.0,cross_entropy,False,tf_idf,TFIDFClassifier,Adam,SequentialLR,CrossEntropyLoss,False,0.8774464130401611,,,,,,,,,,,,,,,,
2026-04-27 17:47:25,tf_idf_run_20260427_174724,Andre_Hrs,61f168d,trained_models/20260427_174724_tf_idf/tf_idf_model.pt,13,f1_macro,0.5740091800689697,0.5200987021128337,0.7708333134651184,0.5740091800689697,0.750309407711029,0.6474579572677612,0.5380362868309021,90,15,0.0004112554721475,1.0,cross_entropy,False,tf_idf,TFIDFClassifier,Adam,StepLR,CrossEntropyLoss,False,0.9081227779388428,,,,,,,,,,,,,,,,
2026-04-27 17:47:26,tf_idf_run_20260427_174725,Andre_Hrs,61f168d,trained_models/20260427_174725_tf_idf/tf_idf_model.pt,2,f1_macro,0.2838915586471557,1.0567495981852213,0.7416666746139526,0.2838915586471557,0.6316587328910828,0.7416666746139526,0.3333333432674408,120,15,0.0001075872218802,1.0,cross_entropy,False,tf_idf,TFIDFClassifier,Adam,,CrossEntropyLoss,False,0.5352649688720703,,,,,,,,,,,,,,,,
2026-04-27 17:47:28,tf_idf_run_20260427_174727,Andre_Hrs,61f168d,trained_models/20260427_174727_tf_idf/tf_idf_model.pt,11,f1_macro,0.5913052558898926,0.8507409214973449,0.7458333373069763,0.5913052558898926,0.7462394833564758,0.5904316902160645,0.5925397276878357,30,15,0.0046345315608868,1.0,cross_entropy,False,tf_idf,TFIDFClassifier,Adam,SequentialLR,CrossEntropyLoss,False,0.8211185932159424,,,,,,,,,,,,,,,,
2026-04-27 17:47:30,tf_idf_run_20260427_174728,Andre_Hrs,61f168d,trained_models/20260427_174728_tf_idf/tf_idf_model.pt,16,f1_macro,0.6020114421844482,1.0489266792933143,0.75,0.6020114421844482,0.7520561814308167,0.5970169901847839,0.6086850762367249,30,15,0.0079070149504088,1.0,cross_entropy,False,tf_idf,TFIDFClassifier,Adam,SequentialLR,CrossEntropyLoss,False,0.9448766708374025,,,,,,,,,,,,,,,,
2026-04-27 17:47:31,tf_idf_run_20260427_174730,Andre_Hrs,61f168d,trained_models/20260427_174730_tf_idf/tf_idf_model.pt,21,f1_macro,0.6180844306945801,1.1599017143249513,0.7458333373069763,0.6180844306945801,0.7518582940101624,0.6055808067321777,0.6340580582618713,30,15,0.009859882775772,1.0,cross_entropy,False,tf_idf,TFIDFClassifier,Adam,SequentialLR,CrossEntropyLoss,False,0.937629222869873,,,,,,,,,,,,,,,,
2026-04-27 17:47:33,tf_idf_run_20260427_174732,Andre_Hrs,61f168d,trained_models/20260427_174732_tf_idf/tf_idf_model.pt,10,f1_macro,0.6183080673217773,0.9602665662765504,0.7583333253860474,0.6183080673217773,0.760422945022583,0.6154035329818726,0.6238910555839539,60,15,0.0095025983440563,1.0,cross_entropy,False,tf_idf,TFIDFClassifier,Adam,SequentialLR,CrossEntropyLoss,False,0.7826733589172363,,,,,,,,,,,,,,,,
2026-04-27 17:47:35,tf_idf_run_20260427_174733,Andre_Hrs,61f168d,trained_models/20260427_174733_tf_idf/tf_idf_model.pt,20,f1_macro,0.5806899666786194,1.2053754965464274,0.7291666865348816,0.5806899666786194,0.7336421012878418,0.5748775005340576,0.5949974656105042,60,15,0.0083617144290358,1.0,cross_entropy,False,tf_idf,TFIDFClassifier,Adam,SequentialLR,CrossEntropyLoss,False,1.0891754627227783,,,,,,,,,,,,,,,,
2026-04-27 17:47:36,tf_idf_run_20260427_174735,Andre_Hrs,61f168d,trained_models/20260427_174735_tf_idf/tf_idf_model.pt,6,f1_macro,0.593927264213562,0.5159715493520101,0.7708333134651184,0.593927264213562,0.7567616105079651,0.6449123024940491,0.5637696385383606,60,15,0.0031375523140814,1.0,cross_entropy,False,tf_idf,TFIDFClassifier,Adam,SequentialLR,CrossEntropyLoss,False,0.6553256511688232,,,,,,,,,,,,,,,,
2026-04-27 17:47:38,tf_idf_run_20260427_174736,Andre_Hrs,61f168d,trained_models/20260427_174736_tf_idf/tf_idf_model.pt,20,f1_macro,0.629452645778656,1.1890666166941324,0.7666666507720947,0.629452645778656,0.7678326368331909,0.6276515126228333,0.6319606900215149,60,15,0.0097721189210879,1.0,cross_entropy,False,tf_idf,TFIDFClassifier,Adam,,CrossEntropyLoss,False,1.1024174690246582,,,,,,,,,,,,,,,,
2026-04-27 17:47:39,tf_idf_run_20260427_174738,Andre_Hrs,61f168d,trained_models/20260427_174738_tf_idf/tf_idf_model.pt,3,f1_macro,0.5963253378868103,0.5224661787350973,0.7833333611488342,0.5963253378868103,0.7629208564758301,0.6810073852539062,0.5551149249076843,70,15,0.0049157449514068,1.0,cross_entropy,False,tf_idf,TFIDFClassifier,Adam,,CrossEntropyLoss,False,0.5579571723937988,,,,,,,,,,,,,,,,
2026-04-27 17:47:41,tf_idf_run_20260427_174739,Andre_Hrs,61f168d,trained_models/20260427_174739_tf_idf/tf_idf_model.pt,8,f1_macro,0.5681607127189636,0.5406032959620158,0.7708333134651184,0.5681607127189636,0.748035728931427,0.6481759548187256,0.5308998823165894,50,15,0.001940091029569,1.0,cross_entropy,False,tf_idf,TFIDFClassifier,Adam,,CrossEntropyLoss,False,0.6951918601989746,,,,,,,,,,,,,,,,
2026-04-27 17:47:42,tf_idf_run_20260427_174741,Andre_Hrs,61f168d,trained_models/20260427_174741_tf_idf/tf_idf_model.pt,5,f1_macro,0.5823347568511963,0.529983655611674,0.7708333134651184,0.5823347568511963,0.7528084516525269,0.6422718167304993,0.5494969487190247,70,15,0.005541893167135,1.0,cross_entropy,False,tf_idf,TFIDFClassifier,Adam,,CrossEntropyLoss,False,0.602675199508667,,,,,,,,,,,,,,,,
2026-04-27 17:47:43,tf_idf_run_20260427_174742,Andre_Hrs,61f168d,trained_models/20260427_174742_tf_idf/tf_idf_model.pt,16,f1_macro,0.5627388954162598,0.795076584815979,0.7416666746139526,0.5627388954162598,0.7361931800842285,0.5718923211097717,0.5562850832939148,80,15,0.0022422883032593,1.0,cross_entropy,False,tf_idf,TFIDFClassifier,Adam,StepLR,CrossEntropyLoss,False,0.9697709083557128,,,,,,,,,,,,,,,,
2026-04-27 17:47:45,tf_idf_run_20260427_174744,Andre_Hrs,61f168d,trained_models/20260427_174744_tf_idf/tf_idf_model.pt,3,f1_macro,0.6204153895378113,0.5706719319025676,0.75,0.6204153895378113,0.7533234357833862,0.6084131598472595,0.6417673230171204,50,15,0.0098937366884092,1.0,cross_entropy,False,tf_idf,TFIDFClassifier,Adam,CosineAnnealingLR,CrossEntropyLoss,False,0.5608060359954834,,,,,,,,,,,,,,,,
2026-04-27 17:47:46,tf_idf_run_20260427_174745,Andre_Hrs,61f168d,trained_models/20260427_174745_tf_idf/tf_idf_model.pt,3,f1_macro,0.570172131061554,0.527884566783905,0.7708333134651184,0.570172131061554,0.7480502724647522,0.6457645297050476,0.535224199295044,50,15,0.0062506631015571,1.0,cross_entropy,False,tf_idf,TFIDFClassifier,Adam,CosineAnnealingLR,CrossEntropyLoss,False,0.5610044002532959,,,,,,,,,,,,,,,,
2026-04-27 17:47:47,tf_idf_run_20260427_174746,Andre_Hrs,61f168d,trained_models/20260427_174746_tf_idf/tf_idf_model.pt,12,f1_macro,0.6019383072853088,0.9887287020683287,0.7458333373069763,0.6019383072853088,0.7495355606079102,0.5938596725463867,0.6139487624168396,50,15,0.0093506032195652,1.0,cross_entropy,False,tf_idf,TFIDFClassifier,Adam,CosineAnnealingLR,CrossEntropyLoss,False,0.8471970558166504,,,,,,,,,,,,,,,,
2026-04-27 17:47:50,tf_idf_run_20260427_174747,Andre_Hrs,61f168d,trained_models/20260427_174747_tf_idf/tf_idf_model.pt,17,f1_macro,0.5879339575767517,0.8907829602559407,0.7416666746139526,0.5879339575767517,0.7427542209625244,0.5858585834503174,0.5906670689582825,60,15,0.0032646635506492,1.0,cross_entropy,False,tf_idf,TFIDFClassifier,Adam,CosineAnnealingLR,CrossEntropyLoss,False,1.001997709274292,,,,,,,,,,,,,,,,
2026-04-27 17:47:52,tf_idf_run_20260427_174750,Andre_Hrs,61f168d,trained_models/20260427_174750_tf_idf/tf_idf_model.pt,26,f1_macro,0.5885040163993835,1.1196386019388835,0.7458333373069763,0.5885040163993835,0.744817852973938,0.5903897881507874,0.5882154107093811,80,15,0.0043046218125035,1.0,cross_entropy,False,tf_idf,TFIDFClassifier,Adam,CosineAnnealingLR,CrossEntropyLoss,False,1.2465543746948242,,,,,,,,,,,,,,,,
2026-04-27 17:47:53,tf_idf_run_20260427_174752,Andre_Hrs,61f168d,trained_models/20260427_174752_tf_idf/tf_idf_model.pt,14,f1_macro,0.6064568758010864,1.0085102160771688,0.75,0.6064568758010864,0.7525203824043274,0.6009232997894287,0.6130094528198242,40,15,0.0067371146543061,1.0,cross_entropy,False,tf_idf,TFIDFClassifier,Adam,,CrossEntropyLoss,False,0.9075918197631836,,,,,,,,,,,,,,,,
2026-04-27 17:47:54,tf_idf_run_20260427_174753,Andre_Hrs,61f168d,trained_models/20260427_174753_tf_idf/tf_idf_model.pt,11,f1_macro,0.5774769186973572,0.5318661570549011,0.7749999761581421,0.5774769186973572,0.7536754608154297,0.6555476784706116,0.5399088859558105,110,15,0.0015136174272227,1.0,cross_entropy,False,tf_idf,TFIDFClassifier,Adam,,CrossEntropyLoss,False,0.7839877605438232,,,,,,,,,,,,,,,,
2026-04-27 17:47:56,tf_idf_run_20260427_174755,Andre_Hrs,61f168d,trained_models/20260427_174755_tf_idf/tf_idf_model.pt,18,f1_macro,0.5758780837059021,0.7833139022191365,0.7416666746139526,0.5758780837059021,0.739513099193573,0.5808081030845642,0.5720700621604919,80,15,0.0025770602314947,1.0,cross_entropy,False,tf_idf,TFIDFClassifier,Adam,CosineAnnealingLR,CrossEntropyLoss,False,1.001972198486328,,,,,,,,,,,,,,,,
2026-04-27 17:47:57,tf_idf_run_20260427_174756,Andre_Hrs,61f168d,trained_models/20260427_174756_tf_idf/tf_idf_model.pt,6,f1_macro,0.5888137221336365,0.5293577710787455,0.7708333134651184,0.5888137221336365,0.7548417448997498,0.6451048254966736,0.5566332936286926,140,15,0.0013326527614481,1.0,cross_entropy,False,tf_idf,TFIDFClassifier,Adam,StepLR,CrossEntropyLoss,False,0.6797010898590088,,,,,,,,,,,,,,,,
2026-04-27 17:47:59,tf_idf_run_20260427_174757,Andre_Hrs,61f168d,trained_models/20260427_174757_tf_idf/tf_idf_model.pt,3,f1_macro,0.5792977809906006,0.5534287095069885,0.7791666388511658,0.5792977809906006,0.7546941637992859,0.6699187159538269,0.5389695167541504,60,15,0.0066391280660836,1.0,cross_entropy,False,tf_idf,TFIDFClassifier,Adam,StepLR,CrossEntropyLoss,False,0.5688292980194092,,,,,,,,,,,,,,,,
2026-04-27 17:48:00,tf_idf_run_20260427_174759,Andre_Hrs,61f168d,trained_models/20260427_174759_tf_idf/tf_idf_model.pt,5,f1_macro,0.5900053381919861,0.6490830739339193,0.7291666865348816,0.5900053381919861,0.7373072504997253,0.5767814517021179,0.6135944724082947,30,15,0.0091388478453844,1.0,cross_entropy,False,tf_idf,TFIDFClassifier,Adam,SequentialLR,CrossEntropyLoss,False,0.6185462474822998,,,,,,,,,,,,,,,,
2026-04-27 17:48:01,tf_idf_run_20260427_174800,Andre_Hrs,61f168d,trained_models/20260427_174800_tf_idf/tf_idf_model.pt,6,f1_macro,0.6059363484382629,0.7678436199824016,0.7416666746139526,0.6059363484382629,0.7471873760223389,0.593837559223175,0.6207247376441956,40,15,0.0093912461886664,1.0,cross_entropy,False,tf_idf,TFIDFClassifier,Adam,SequentialLR,CrossEntropyLoss,False,0.6430408954620361,,,,,,,,,,,,,,,,
2026-04-27 17:48:04,tf_idf_run_20260427_174801,Andre_Hrs,61f168d,trained_models/20260427_174801_tf_idf/tf_idf_model.pt,33,f1_macro,0.5959029793739319,1.1933454831441244,0.75,0.5959029793739319,0.7494127750396729,0.5990807414054871,0.5944123864173889,50,15,0.006534000087718,1.0,cross_entropy,False,tf_idf,TFIDFClassifier,Adam,SequentialLR,CrossEntropyLoss,False,1.4953060150146484,,,,,,,,,,,,,,,,
2026-04-27 17:48:05,tf_idf_run_20260427_174804,Andre_Hrs,61f168d,trained_models/20260427_174804_tf_idf/tf_idf_model.pt,6,f1_macro,0.5644761919975281,0.6182865818341573,0.7416666746139526,0.5644761919975281,0.734039306640625,0.5822510719299316,0.550661027431488,30,15,0.0041180606109464,1.0,cross_entropy,False,tf_idf,TFIDFClassifier,Adam,CosineAnnealingLR,CrossEntropyLoss,False,0.6687836647033691,,,,,,,,,,,,,,,,
2026-04-27 17:48:07,tf_idf_run_20260427_174805,Andre_Hrs,61f168d,trained_models/20260427_174805_tf_idf/tf_idf_model.pt,23,f1_macro,0.5982204079627991,1.2535321791966756,0.7416666746139526,0.5982204079627991,0.7435339689254761,0.5953794121742249,0.602127730846405,40,15,0.0099159707626081,1.0,cross_entropy,False,tf_idf,TFIDFClassifier,Adam,SequentialLR,CrossEntropyLoss,False,1.1979107856750488,,,,,,,,,,,,,,,,
2026-04-27 17:48:09,tf_idf_run_20260427_174807,Andre_Hrs,61f168d,trained_models/20260427_174807_tf_idf/tf_idf_model.pt,14,f1_macro,0.570468008518219,0.874865694840749,0.7416666746139526,0.570468008518219,0.7357839345932007,0.5850727558135986,0.5606093406677246,40,15,0.0073809908159062,1.0,cross_entropy,False,tf_idf,TFIDFClassifier,Adam,SequentialLR,CrossEntropyLoss,False,0.8692653179168701,,,,,,,,,,,,,,,,
2026-04-27 17:48:11,tf_idf_run_20260427_174809,Andre_Hrs,61f168d,trained_models/20260427_174809_tf_idf/tf_idf_model.pt,32,f1_macro,0.6079938411712646,1.1974152247111003,0.75,0.6079938411712646,0.7518317103385925,0.6035714149475098,0.6130094528198242,70,15,0.0053425413358712,1.0,cross_entropy,False,tf_idf,TFIDFClassifier,Adam,,CrossEntropyLoss,False,1.4108071327209473,,,,,,,,,,,,,,,,
2026-04-27 17:48:12,tf_idf_run_20260427_174811,Andre_Hrs,61f168d,trained_models/20260427_174811_tf_idf/tf_idf_model.pt,4,f1_macro,0.6191351413726807,0.5425814747810364,0.7666666507720947,0.6191351413726807,0.7642803192138672,0.6267127990722656,0.6189877390861511,50,15,0.0037968380293187,1.0,cross_entropy,False,tf_idf,TFIDFClassifier,Adam,CosineAnnealingLR,CrossEntropyLoss,False,0.5926315784454346,,,,,,,,,,,,,,,,
2026-04-27 17:48:13,tf_idf_run_20260427_174812,Andre_Hrs,61f168d,trained_models/20260427_174812_tf_idf/tf_idf_model.pt,3,f1_macro,0.6088574528694153,0.5156110366185506,0.7833333611488342,0.6088574528694153,0.7696187496185303,0.6650251746177673,0.5793359875679016,60,15,0.003961764289502,1.0,cross_entropy,False,tf_idf,TFIDFClassifier,Adam,CosineAnnealingLR,CrossEntropyLoss,False,0.5803306102752686,,,,,,,,,,,,,,,,
2026-04-27 17:48:24,tf_idf_run_20260427_174823,Andre_Hrs,61f168d,trained_models/20260427_174823_tf_idf/tf_idf_model.pt,2,f1_macro,0.6420236229896545,0.5097800890604655,0.7875000238418579,0.6420236229896545,0.7811216711997986,0.6669934391975403,0.6227269768714905,60,15,0.0097721189210879,1.0,cross_entropy,False,tf_idf,TFIDFClassifier,Adam,StepLR,CrossEntropyLoss,False,0.5349559783935547,,,,,,,,,,,,,,,,
2026-04-27 17:48:25,tf_idf_run_20260427_174824,Andre_Hrs,61f168d,trained_models/20260427_174824_tf_idf/tf_idf_model.pt,12,f1_macro,0.6224907040596008,0.9197591304779053,0.7666666507720947,0.6224907040596008,0.7661831378936768,0.6263108253479004,0.6205000877380371,60,15,0.0097721189210879,1.0,cross_entropy,False,tf_idf,TFIDFClassifier,Adam,StepLR,CrossEntropyLoss,False,0.8480648994445801,,,,,,,,,,,,,,,,
2026-04-27 17:48:26,tf_idf_run_20260427_174825,Andre_Hrs,61f168d,trained_models/20260427_174825_tf_idf/tf_idf_model.pt,2,f1_macro,0.62258380651474,0.5118918418884277,0.7583333253860474,0.62258380651474,0.7566224336624146,0.6241862773895264,0.6225913166999817,60,15,0.0097721189210879,1.0,cross_entropy,False,tf_idf,TFIDFClassifier,Adam,StepLR,CrossEntropyLoss,False,0.5326042175292969,,,,,,,,,,,,,,,,
2026-04-27 17:48:29,tf_idf_run_20260427_174827,Andre_Hrs,61f168d,trained_models/20260427_174827_tf_idf/tf_idf_model.pt,3,f1_macro,0.6157928109169006,0.5552947402000428,0.7541666626930237,0.6157928109169006,0.7535016536712646,0.6162940859794617,0.6163943409919739,60,15,0.0097721189210879,1.0,cross_entropy,False,tf_idf,TFIDFClassifier,Adam,StepLR,CrossEntropyLoss,False,0.5575909614562988,,,,,,,,,,,,,,,,
2026-04-27 17:48:30,tf_idf_run_20260427_174829,Andre_Hrs,61f168d,trained_models/20260427_174829_tf_idf/tf_idf_model.pt,8,f1_macro,0.6041325926780701,0.8784145434697469,0.75,0.6041325926780701,0.752297580242157,0.5986242890357971,0.6101973652839661,60,15,0.0097721189210879,1.0,cross_entropy,False,tf_idf,TFIDFClassifier,Adam,StepLR,CrossEntropyLoss,False,0.7196526527404785,,,,,,,,,,,,,,,,
2026-04-27 20:17:06,tf_idf_run_20260427_201705,Andre_Hrs,3eeb461,trained_models/20260427_201705_tf_idf/tf_idf_model.pt,1,f1_macro,0.02408979088068,2.7547279128545448,0.1856540143489837,0.02408979088068,0.0581407621502876,0.1856540143489837,0.0769230797886848,80,15,0.000550973200261,1.0,cross_entropy,False,tf_idf,TFIDFClassifier,Adam,CosineAnnealingLR,CrossEntropyLoss,True,0.6869387626647949,,,,,,,,,,,,,,,,
2026-04-27 20:17:08,tf_idf_run_20260427_201707,Andre_Hrs,3eeb461,trained_models/20260427_201707_tf_idf/tf_idf_model.pt,1,f1_macro,0.02408979088068,2.3466582217799963,0.1856540143489837,0.02408979088068,0.0581407621502876,0.1856540143489837,0.0769230797886848,60,15,0.0031977602878959,1.0,cross_entropy,False,tf_idf,TFIDFClassifier,Adam,CosineAnnealingLR,CrossEntropyLoss,True,0.4752688407897949,,,,,,,,,,,,,,,,
2026-04-27 20:17:10,tf_idf_run_20260427_201708,Andre_Hrs,3eeb461,trained_models/20260427_201708_tf_idf/tf_idf_model.pt,5,f1_macro,0.02408979088068,2.32973171990632,0.1856540143489837,0.02408979088068,0.0581407621502876,0.1856540143489837,0.0769230797886848,110,15,0.0001308640905946,1.0,cross_entropy,False,tf_idf,TFIDFClassifier,Adam,StepLR,CrossEntropyLoss,True,0.5865893363952637,,,,,,,,,,,,,,,,
2026-04-27 20:17:12,tf_idf_run_20260427_201710,Andre_Hrs,3eeb461,trained_models/20260427_201710_tf_idf/tf_idf_model.pt,2,f1_macro,0.02408979088068,2.3252177811876127,0.1856540143489837,0.02408979088068,0.0581407621502876,0.1856540143489837,0.0769230797886848,50,15,0.0039792084244757,1.0,cross_entropy,False,tf_idf,TFIDFClassifier,Adam,SequentialLR,CrossEntropyLoss,True,0.4994456768035888,,,,,,,,,,,,,,,,
2026-04-27 20:17:14,tf_idf_run_20260427_201712,Andre_Hrs,3eeb461,trained_models/20260427_201712_tf_idf/tf_idf_model.pt,1,f1_macro,0.02408979088068,2.874821487861344,0.1856540143489837,0.02408979088068,0.0581407621502876,0.1856540143489837,0.0769230797886848,110,15,0.0050515834108584,1.0,cross_entropy,False,tf_idf,TFIDFClassifier,Adam,SequentialLR,CrossEntropyLoss,True,0.4805338382720947,,,,,,,,,,,,,,,,
2026-04-27 20:17:15,tf_idf_run_20260427_201714,Andre_Hrs,3eeb461,trained_models/20260427_201714_tf_idf/tf_idf_model.pt,2,f1_macro,0.02408979088068,2.311236665218692,0.1856540143489837,0.02408979088068,0.0581407621502876,0.1856540143489837,0.0769230797886848,80,15,0.0005178160009206,1.0,cross_entropy,False,tf_idf,TFIDFClassifier,Adam,,CrossEntropyLoss,True,0.487236738204956,,,,,,,,,,,,,,,,
2026-04-27 20:17:17,tf_idf_run_20260427_201715,Andre_Hrs,3eeb461,trained_models/20260427_201715_tf_idf/tf_idf_model.pt,2,f1_macro,0.02408979088068,2.294399183007735,0.1856540143489837,0.02408979088068,0.0581407621502876,0.1856540143489837,0.0769230797886848,60,15,0.0057349998460174,1.0,cross_entropy,False,tf_idf,TFIDFClassifier,Adam,,CrossEntropyLoss,True,0.4783496856689453,,,,,,,,,,,,,,,,
2026-04-27 20:17:19,tf_idf_run_20260427_201717,Andre_Hrs,3eeb461,trained_models/20260427_201717_tf_idf/tf_idf_model.pt,1,f1_macro,0.02408979088068,2.3039596533473534,0.1856540143489837,0.02408979088068,0.0581407621502876,0.1856540143489837,0.0769230797886848,120,15,0.0015810200881852,1.0,cross_entropy,False,tf_idf,TFIDFClassifier,Adam,CosineAnnealingLR,CrossEntropyLoss,True,0.4628827571868896,,,,,,,,,,,,,,,,
2026-04-27 20:17:21,tf_idf_run_20260427_201719,Andre_Hrs,3eeb461,trained_models/20260427_201719_tf_idf/tf_idf_model.pt,8,f1_macro,0.02408979088068,2.335398575424645,0.1856540143489837,0.02408979088068,0.0581407621502876,0.1856540143489837,0.0769230797886848,40,15,0.0002564458961096,1.0,cross_entropy,False,tf_idf,TFIDFClassifier,Adam,StepLR,CrossEntropyLoss,True,0.722731351852417,,,,,,,,,,,,,,,,
2026-04-27 20:17:23,tf_idf_run_20260427_201721,Andre_Hrs,3eeb461,trained_models/20260427_201721_tf_idf/tf_idf_model.pt,12,f1_macro,0.02408979088068,2.3240891669872945,0.1856540143489837,0.02408979088068,0.0581407621502876,0.1856540143489837,0.0769230797886848,100,15,0.0002642599896551,1.0,cross_entropy,False,tf_idf,TFIDFClassifier,Adam,SequentialLR,CrossEntropyLoss,True,0.826979398727417,,,,,,,,,,,,,,,,
2026-04-27 20:17:25,tf_idf_run_20260427_201723,Andre_Hrs,3eeb461,trained_models/20260427_201723_tf_idf/tf_idf_model.pt,2,f1_macro,0.02408979088068,2.3088114281746908,0.1856540143489837,0.02408979088068,0.0581407621502876,0.1856540143489837,0.0769230797886848,150,15,0.00106785665502,1.0,cross_entropy,False,tf_idf,TFIDFClassifier,Adam,CosineAnnealingLR,CrossEntropyLoss,True,0.4955172538757324,,,,,,,,,,,,,,,,
2026-04-27 20:17:26,tf_idf_run_20260427_201725,Andre_Hrs,3eeb461,trained_models/20260427_201725_tf_idf/tf_idf_model.pt,2,f1_macro,0.02408979088068,2.3088940477572413,0.1856540143489837,0.02408979088068,0.0581407621502876,0.1856540143489837,0.0769230797886848,70,15,0.0025492859235167,1.0,cross_entropy,False,tf_idf,TFIDFClassifier,Adam,CosineAnnealingLR,CrossEntropyLoss,True,0.4966058731079101,,,,,,,,,,,,,,,,
2026-04-27 20:17:28,tf_idf_run_20260427_201727,Andre_Hrs,3eeb461,trained_models/20260427_201727_tf_idf/tf_idf_model.pt,3,f1_macro,0.02408979088068,2.312297738554105,0.1856540143489837,0.02408979088068,0.0581407621502876,0.1856540143489837,0.0769230797886848,30,15,0.0005442563420129,1.0,cross_entropy,False,tf_idf,TFIDFClassifier,Adam,CosineAnnealingLR,CrossEntropyLoss,True,0.5184407234191895,,,,,,,,,,,,,,,,
2026-04-27 20:17:30,tf_idf_run_20260427_201728,Andre_Hrs,3eeb461,trained_models/20260427_201728_tf_idf/tf_idf_model.pt,1,f1_macro,0.02408979088068,2.3421358850937857,0.1856540143489837,0.02408979088068,0.0581407621502876,0.1856540143489837,0.0769230797886848,80,15,0.0021968401833045,1.0,cross_entropy,False,tf_idf,TFIDFClassifier,Adam,CosineAnnealingLR,CrossEntropyLoss,True,0.4556527137756347,,,,,,,,,,,,,,,,
2026-04-27 20:17:32,tf_idf_run_20260427_201731,Andre_Hrs,3eeb461,trained_models/20260427_201731_tf_idf/tf_idf_model.pt,3,f1_macro,0.02408979088068,2.2916622232284225,0.1856540143489837,0.02408979088068,0.0581407621502876,0.1856540143489837,0.0769230797886848,90,15,0.0097036263548906,1.0,cross_entropy,False,tf_idf,TFIDFClassifier,Adam,CosineAnnealingLR,CrossEntropyLoss,True,0.5248312950134277,,,,,,,,,,,,,,,,
2026-04-27 20:17:34,tf_idf_run_20260427_201732,Andre_Hrs,3eeb461,trained_models/20260427_201732_tf_idf/tf_idf_model.pt,4,f1_macro,0.02408979088068,2.3078078106988835,0.1856540143489837,0.02408979088068,0.0581407621502876,0.1856540143489837,0.0769230797886848,60,15,0.000831233682521,1.0,cross_entropy,False,tf_idf,TFIDFClassifier,Adam,CosineAnnealingLR,CrossEntropyLoss,True,0.5605099201202393,,,,,,,,,,,,,,,,
2026-04-27 20:17:35,tf_idf_run_20260427_201734,Andre_Hrs,3eeb461,trained_models/20260427_201734_tf_idf/tf_idf_model.pt,1,f1_macro,0.02408979088068,2.329391482510144,0.1856540143489837,0.02408979088068,0.0581407621502876,0.1856540143489837,0.0769230797886848,50,15,0.0013261746246385,1.0,cross_entropy,False,tf_idf,TFIDFClassifier,Adam,CosineAnnealingLR,CrossEntropyLoss,True,0.4523952007293701,,,,,,,,,,,,,,,,
2026-04-27 20:17:38,tf_idf_run_20260427_201736,Andre_Hrs,3eeb461,trained_models/20260427_201736_tf_idf/tf_idf_model.pt,1,f1_macro,0.02408979088068,2.631802887856206,0.1856540143489837,0.02408979088068,0.0581407621502876,0.1856540143489837,0.0769230797886848,130,15,0.0005978931069402,1.0,cross_entropy,False,tf_idf,TFIDFClassifier,Adam,,CrossEntropyLoss,True,0.4761686325073242,,,,,,,,,,,,,,,,
2026-04-27 20:17:39,tf_idf_run_20260427_201738,Andre_Hrs,3eeb461,trained_models/20260427_201738_tf_idf/tf_idf_model.pt,2,f1_macro,0.02408979088068,2.774489168376359,0.1856540143489837,0.02408979088068,0.0581407621502876,0.1856540143489837,0.0769230797886848,80,15,0.0002701113283584,1.0,cross_entropy,False,tf_idf,TFIDFClassifier,Adam,StepLR,CrossEntropyLoss,True,0.527597188949585,,,,,,,,,,,,,,,,
2026-04-27 20:17:41,tf_idf_run_20260427_201740,Andre_Hrs,3eeb461,trained_models/20260427_201740_tf_idf/tf_idf_model.pt,3,f1_macro,0.02408979088068,2.300880486452127,0.1856540143489837,0.02408979088068,0.0581407621502876,0.1856540143489837,0.0769230797886848,30,15,0.0028926173834258,1.0,cross_entropy,False,tf_idf,TFIDFClassifier,Adam,CosineAnnealingLR,CrossEntropyLoss,True,0.5305593013763428,,,,,,,,,,,,,,,,
2026-04-27 20:17:43,tf_idf_run_20260427_201741,Andre_Hrs,3eeb461,trained_models/20260427_201741_tf_idf/tf_idf_model.pt,1,f1_macro,0.02408979088068,2.8336944117324765,0.1856540143489837,0.02408979088068,0.0581407621502876,0.1856540143489837,0.0769230797886848,70,15,0.0001132275918219,1.0,cross_entropy,False,tf_idf,TFIDFClassifier,Adam,CosineAnnealingLR,CrossEntropyLoss,True,0.4756758213043213,,,,,,,,,,,,,,,,
2026-04-27 20:17:44,tf_idf_run_20260427_201743,Andre_Hrs,3eeb461,trained_models/20260427_201743_tf_idf/tf_idf_model.pt,5,f1_macro,0.02408979088068,2.326318827359485,0.1856540143489837,0.02408979088068,0.0581407621502876,0.1856540143489837,0.0769230797886848,100,15,0.0001373047145419,1.0,cross_entropy,False,tf_idf,TFIDFClassifier,Adam,StepLR,CrossEntropyLoss,True,0.6228213310241699,,,,,,,,,,,,,,,,
2026-04-27 20:17:47,tf_idf_run_20260427_201745,Andre_Hrs,3eeb461,trained_models/20260427_201745_tf_idf/tf_idf_model.pt,1,f1_macro,0.02408979088068,2.67173963055832,0.1856540143489837,0.02408979088068,0.0581407621502876,0.1856540143489837,0.0769230797886848,130,15,0.0002059362512966,1.0,cross_entropy,False,tf_idf,TFIDFClassifier,Adam,StepLR,CrossEntropyLoss,True,0.477912425994873,,,,,,,,,,,,,,,,
2026-04-27 20:17:49,tf_idf_run_20260427_201747,Andre_Hrs,3eeb461,trained_models/20260427_201747_tf_idf/tf_idf_model.pt,1,f1_macro,0.02408979088068,2.435823628671059,0.1856540143489837,0.02408979088068,0.0581407621502876,0.1856540143489837,0.0769230797886848,100,15,0.0004195363273525,1.0,cross_entropy,False,tf_idf,TFIDFClassifier,Adam,StepLR,CrossEntropyLoss,True,0.4681603908538818,,,,,,,,,,,,,,,,
2026-04-27 20:17:50,tf_idf_run_20260427_201749,Andre_Hrs,3eeb461,trained_models/20260427_201749_tf_idf/tf_idf_model.pt,1,f1_macro,0.02408979088068,2.725749641531128,0.1856540143489837,0.02408979088068,0.0581407621502876,0.1856540143489837,0.0769230797886848,90,15,0.0001664331902312,1.0,cross_entropy,False,tf_idf,TFIDFClassifier,Adam,StepLR,CrossEntropyLoss,True,0.4649875164031982,,,,,,,,,,,,,,,,
2026-04-27 20:17:52,tf_idf_run_20260427_201750,Andre_Hrs,3eeb461,trained_models/20260427_201750_tf_idf/tf_idf_model.pt,1,f1_macro,0.02408979088068,2.3210694558509792,0.1856540143489837,0.02408979088068,0.0581407621502876,0.1856540143489837,0.0769230797886848,120,15,0.0007803666990392,1.0,cross_entropy,False,tf_idf,TFIDFClassifier,Adam,StepLR,CrossEntropyLoss,True,0.4670822620391845,,,,,,,,,,,,,,,,
2026-04-27 20:17:54,tf_idf_run_20260427_201752,Andre_Hrs,3eeb461,trained_models/20260427_201752_tf_idf/tf_idf_model.pt,3,f1_macro,0.02408979088068,2.839591339167664,0.1856540143489837,0.02408979088068,0.0581407621502876,0.1856540143489837,0.0769230797886848,150,15,0.0003341949156399,1.0,cross_entropy,False,tf_idf,TFIDFClassifier,Adam,SequentialLR,CrossEntropyLoss,True,0.5307228565216064,,,,,,,,,,,,,,,,
2026-04-27 20:17:55,tf_idf_run_20260427_201754,Andre_Hrs,3eeb461,trained_models/20260427_201754_tf_idf/tf_idf_model.pt,4,f1_macro,0.02408979088068,2.679933501698297,0.1856540143489837,0.02408979088068,0.0581407621502876,0.1856540143489837,0.0769230797886848,70,15,0.0001028725564106,1.0,cross_entropy,False,tf_idf,TFIDFClassifier,Adam,,CrossEntropyLoss,True,0.5324592590332031,,,,,,,,,,,,,,,,
2026-04-27 20:17:57,tf_idf_run_20260427_201755,Andre_Hrs,3eeb461,trained_models/20260427_201755_tf_idf/tf_idf_model.pt,1,f1_macro,0.02408979088068,2.2933935314291136,0.1856540143489837,0.02408979088068,0.0581407621502876,0.1856540143489837,0.0769230797886848,110,15,0.001793510025794,1.0,cross_entropy,False,tf_idf,TFIDFClassifier,Adam,CosineAnnealingLR,CrossEntropyLoss,True,0.4726719856262207,,,,,,,,,,,,,,,,
2026-04-27 20:18:00,tf_idf_run_20260427_201757,Andre_Hrs,3eeb461,trained_models/20260427_201757_tf_idf/tf_idf_model.pt,2,f1_macro,0.02408979088068,2.291614825212503,0.1856540143489837,0.02408979088068,0.0581407621502876,0.1856540143489837,0.0769230797886848,50,15,0.0078074574988321,1.0,cross_entropy,False,tf_idf,TFIDFClassifier,Adam,SequentialLR,CrossEntropyLoss,True,0.4961929321289062,,,,,,,,,,,,,,,,
2026-04-27 20:18:01,tf_idf_run_20260427_201800,Andre_Hrs,3eeb461,trained_models/20260427_201800_tf_idf/tf_idf_model.pt,2,f1_macro,0.02408979088068,2.3069256458604386,0.1856540143489837,0.02408979088068,0.0581407621502876,0.1856540143489837,0.0769230797886848,60,15,0.0039068657418024,1.0,cross_entropy,False,tf_idf,TFIDFClassifier,Adam,StepLR,CrossEntropyLoss,True,0.5082130432128906,,,,,,,,,,,,,,,,
2026-04-27 20:18:03,tf_idf_run_20260427_201802,Andre_Hrs,3eeb461,trained_models/20260427_201802_tf_idf/tf_idf_model.pt,2,f1_macro,0.02408979088068,2.3159766881274773,0.1856540143489837,0.02408979088068,0.0581407621502876,0.1856540143489837,0.0769230797886848,50,15,0.0041397989164508,1.0,cross_entropy,False,tf_idf,TFIDFClassifier,Adam,SequentialLR,CrossEntropyLoss,True,0.5017497539520264,,,,,,,,,,,,,,,,
2026-04-27 20:18:05,tf_idf_run_20260427_201803,Andre_Hrs,3eeb461,trained_models/20260427_201803_tf_idf/tf_idf_model.pt,2,f1_macro,0.02408979088068,2.3305032404163217,0.1856540143489837,0.02408979088068,0.0581407621502876,0.1856540143489837,0.0769230797886848,40,15,0.0033071799520719,1.0,cross_entropy,False,tf_idf,TFIDFClassifier,Adam,SequentialLR,CrossEntropyLoss,True,0.5025465488433838,,,,,,,,,,,,,,,,
2026-04-27 20:18:06,tf_idf_run_20260427_201805,Andre_Hrs,3eeb461,trained_models/20260427_201805_tf_idf/tf_idf_model.pt,1,f1_macro,0.02408979088068,2.870025410430844,0.1856540143489837,0.02408979088068,0.0581407621502876,0.1856540143489837,0.0769230797886848,70,15,0.0056317178082276,1.0,cross_entropy,False,tf_idf,TFIDFClassifier,Adam,SequentialLR,CrossEntropyLoss,True,0.4597935676574707,,,,,,,,,,,,,,,,
2026-04-27 20:18:08,tf_idf_run_20260427_201806,Andre_Hrs,3eeb461,trained_models/20260427_201806_tf_idf/tf_idf_model.pt,1,f1_macro,0.02408979088068,2.3141699088776666,0.1856540143489837,0.02408979088068,0.0581407621502876,0.1856540143489837,0.0769230797886848,90,15,0.0063786292305867,1.0,cross_entropy,False,tf_idf,TFIDFClassifier,Adam,,CrossEntropyLoss,True,0.4894852638244629,,,,,,,,,,,,,,,,
2026-04-27 20:18:10,tf_idf_run_20260427_201808,Andre_Hrs,3eeb461,trained_models/20260427_201808_tf_idf/tf_idf_model.pt,3,f1_macro,0.02408979088068,2.336468196619412,0.1856540143489837,0.02408979088068,0.0581407621502876,0.1856540143489837,0.0769230797886848,80,15,0.0019830092077037,1.0,cross_entropy,False,tf_idf,TFIDFClassifier,Adam,SequentialLR,CrossEntropyLoss,True,0.5346634387969971,,,,,,,,,,,,,,,,
2026-04-27 20:18:11,tf_idf_run_20260427_201810,Andre_Hrs,3eeb461,trained_models/20260427_201810_tf_idf/tf_idf_model.pt,2,f1_macro,0.02408979088068,2.300172914432574,0.1856540143489837,0.02408979088068,0.0581407621502876,0.1856540143489837,0.0769230797886848,40,15,0.0043860676951233,1.0,cross_entropy,False,tf_idf,TFIDFClassifier,Adam,SequentialLR,CrossEntropyLoss,True,0.5166628360748291,,,,,,,,,,,,,,,,
2026-04-27 20:18:13,tf_idf_run_20260427_201811,Andre_Hrs,3eeb461,trained_models/20260427_201811_tf_idf/tf_idf_model.pt,1,f1_macro,0.02408979088068,2.30626420934492,0.1856540143489837,0.02408979088068,0.0581407621502876,0.1856540143489837,0.0769230797886848,60,15,0.0011869161370233,1.0,cross_entropy,False,tf_idf,TFIDFClassifier,Adam,CosineAnnealingLR,CrossEntropyLoss,True,0.4674305915832519,,,,,,,,,,,,,,,,
2026-04-27 20:18:16,tf_idf_run_20260427_201813,Andre_Hrs,3eeb461,trained_models/20260427_201813_tf_idf/tf_idf_model.pt,1,f1_macro,0.02408979088068,2.75491564988084,0.1856540143489837,0.02408979088068,0.0581407621502876,0.1856540143489837,0.0769230797886848,110,15,0.0003705204836834,1.0,cross_entropy,False,tf_idf,TFIDFClassifier,Adam,,CrossEntropyLoss,True,0.4602475166320801,,,,,,,,,,,,,,,,
2026-04-27 20:18:18,tf_idf_run_20260427_201816,Andre_Hrs,3eeb461,trained_models/20260427_201816_tf_idf/tf_idf_model.pt,1,f1_macro,0.02408979088068,2.328771351761959,0.1856540143489837,0.02408979088068,0.0581407621502876,0.1856540143489837,0.0769230797886848,60,15,0.0015664776987947,1.0,cross_entropy,False,tf_idf,TFIDFClassifier,Adam,CosineAnnealingLR,CrossEntropyLoss,True,0.4744775295257568,,,,,,,,,,,,,,,,
2026-04-27 20:21:22,tf_idf_run_20260427_202117,Andre_Hrs,3eeb461,trained_models/20260427_202117_tf_idf/tf_idf_model.pt,90,f1_macro,0.5151620507240295,1.2439650553691235,0.6202531456947327,0.5151620507240295,0.5949980616569519,0.7866727709770203,0.4840590059757232,140,15,0.0001172766096293,1.0,cross_entropy,False,tf_idf,TFIDFClassifier,Adam,,CrossEntropyLoss,True,3.499727964401245,,,,,,,,,,,,,,,,
2026-04-27 20:21:24,tf_idf_run_20260427_202122,Andre_Hrs,3eeb461,trained_models/20260427_202122_tf_idf/tf_idf_model.pt,17,f1_macro,0.5868631601333618,1.7016970034893053,0.6202531456947327,0.5868631601333618,0.6123795509338379,0.656019926071167,0.5574550628662109,50,15,0.00960954501617,1.0,cross_entropy,False,tf_idf,TFIDFClassifier,Adam,StepLR,CrossEntropyLoss,True,1.0403430461883545,,,,,,,,,,,,,,,,
2026-04-27 20:22:50,tf_idf_run_20260427_202247,Andre_Hrs,3eeb461,trained_models/20260427_202247_tf_idf/tf_idf_model.pt,14,f1_macro,0.6134884357452393,1.1270074944958908,0.6582278609275818,0.6134884357452393,0.6502438187599182,0.7098391652107239,0.5729395747184753,100,12,0.001,1.0,cross_entropy,False,tf_idf,TFIDFClassifier,Adam,CosineAnnealingLR,CrossEntropyLoss,True,0.8557772636413574,,,,,,,,,,,,,,,,
2026-04-27 20:22:52,tf_idf_run_20260427_202250,Andre_Hrs,3eeb461,trained_models/20260427_202250_tf_idf/tf_idf_model.pt,12,f1_macro,0.6169904470443726,1.1165856686322495,0.6582278609275818,0.6169904470443726,0.6502665877342224,0.7105079889297485,0.5776015520095825,100,12,0.001,1.0,cross_entropy,False,tf_idf,TFIDFClassifier,Adam,CosineAnnealingLR,CrossEntropyLoss,True,0.7743484973907471,,,,,,,,,,,,,,,,
2026-04-27 20:22:54,tf_idf_run_20260427_202252,Andre_Hrs,3eeb461,trained_models/20260427_202252_tf_idf/tf_idf_model.pt,13,f1_macro,0.6258059740066528,1.1268244408353971,0.6666666865348816,0.6258059740066528,0.6584360599517822,0.7312977910041809,0.5853022336959839,100,12,0.001,1.0,cross_entropy,False,tf_idf,TFIDFClassifier,Adam,CosineAnnealingLR,CrossEntropyLoss,True,0.8075497150421143,,,,,,,,,,,,,,,,
2026-04-27 20:22:56,tf_idf_run_20260427_202254,Andre_Hrs,3eeb461,trained_models/20260427_202254_tf_idf/tf_idf_model.pt,13,f1_macro,0.623921275138855,1.1164229207904026,0.6582278609275818,0.623921275138855,0.6503409147262573,0.7250528931617737,0.5817224979400635,100,12,0.001,1.0,cross_entropy,False,tf_idf,TFIDFClassifier,Adam,CosineAnnealingLR,CrossEntropyLoss,True,0.7941188812255859,,,,,,,,,,,,,,,,
2026-04-27 20:22:58,tf_idf_run_20260427_202256,Andre_Hrs,3eeb461,trained_models/20260427_202256_tf_idf/tf_idf_model.pt,14,f1_macro,0.6087803244590759,1.1174305149271515,0.6413502097129822,0.6087803244590759,0.6336013078689575,0.702774167060852,0.5693598389625549,100,12,0.001,1.0,cross_entropy,False,tf_idf,TFIDFClassifier,Adam,CosineAnnealingLR,CrossEntropyLoss,True,0.8615727424621582,,,,,,,,,,,,,,,,
2026-04-27 20:23:13,tf_idf_run_20260427_202312,Andre_Hrs,3eeb461,trained_models/20260427_202312_tf_idf/tf_idf_model.pt,1,f1_macro,0.02408979088068,2.332136807059437,0.1856540143489837,0.02408979088068,0.0581407621502876,0.1856540143489837,0.0769230797886848,100,12,0.001,1.0,cross_entropy,False,tf_idf,TFIDFClassifier,Adam,CosineAnnealingLR,CrossEntropyLoss,True,0.3729362487792969,,,,,,,,,,,,,,,,
2026-04-27 20:31:33,tf_idf_run_20260427_203132,Andre_Hrs,3eeb461,trained_models/20260427_203132_tf_idf/tf_idf_model.pt,1,f1_macro,0.02408979088068,2.3366842491214284,0.1856540143489837,0.02408979088068,0.0581407621502876,0.1856540143489837,0.0769230797886848,100,12,0.001,1.0,cross_entropy,False,tf_idf,TFIDFClassifier,Adam,CosineAnnealingLR,CrossEntropyLoss,True,0.5880732536315918,,,,,,,,,,,,,,,,
2026-04-27 20:37:58,tf_idf_run_20260427_203756,Andre_Hrs,3eeb461,trained_models/20260427_203756_tf_idf/tf_idf_model.pt,1,f1_macro,0.02408979088068,2.330024768531574,0.1856540143489837,0.02408979088068,0.0581407621502876,0.1856540143489837,0.0769230797886848,100,12,0.001,1.0,cross_entropy,False,tf_idf,TFIDFClassifier,Adam,CosineAnnealingLR,CrossEntropyLoss,True,0.6199150085449219,,,,,,,,,,,,,,,,
2026-04-27 20:45:13,tf_idf_run_20260427_204511,Andre_Hrs,37db207,trained_models/20260427_204511_tf_idf/tf_idf_model.pt,6,f1_macro,0.02408979088068,2.287064152930859,0.1856540143489837,0.02408979088068,0.0581407621502876,0.1856540143489837,0.0769230797886848,100,12,0.001,1.0,cross_entropy,False,tf_idf,TFIDFClassifier,Adam,CosineAnnealingLR,CrossEntropyLoss,True,0.7500379085540771,,,,,,,,,,,,,,,,
2026-04-27 20:46:36,tf_idf_run_20260427_204634,Andre_Hrs,37db207,trained_models/20260427_204634_tf_idf/tf_idf_model.pt,21,f1_macro,0.0349062718451023,2.291858328042654,0.1561181396245956,0.0349062718451023,0.0824025869369506,0.1594155877828598,0.0657675713300705,100,12,0.001,1.0,cross_entropy,False,tf_idf,TFIDFClassifier,Adam,CosineAnnealingLR,CrossEntropyLoss,True,1.1374876499176023,,,,,,,,,,,,,,,,
2026-04-26 13:09:32,tf_idf_run_20260426_130929,Andre_Hrs,72a96c8,trained_models/20260426_130929_tf_idf/tf_idf_model.pt,31,f1_macro,0.6075236201286316,1.140401177265473,0.6413502097129822,0.6075236201286316,0.6312249898910522,0.7195344567298889,0.5673618316650391,100,12,0.001,1.0,cross_entropy,False,tf_idf,TFIDFClassifier,Adam,StepLR,CrossEntropyLoss,True,1.646334171295166,,,,,,,,,,,,,,,,
2026-04-28 12:37:59,bert_energy_best_region,Aashutosh Chapagain,e9759ad,trained_models/20260428_122334_bert_energ/bert_energ_model.pt,4,f1_macro,0.6042246222496033,1.1048920858761428,0.6329113841056824,0.6042246222496033,0.6439900398254395,0.562599778175354,0.6206197142601013,5,2,2e-05,1.0,cross_entropy,False,BERT,BertClassifier,AdamW,StepLR,CrossEntropyLoss,True,855.0843210220337,,,,,,,,,,,,,,,,
2026-05-07 13:30:33,safetybert_final_01_best_lr22e6_do0275_repeat01_lr2.2e-05_do0.275_wd0.01_ml160,Aashutosh Chapagain,bdc1e15,trained_models/20260507_132612_safetybert/safetybert_model.pt,5,f1_macro,0.6535050272941589,1.3885266147082365,0.6919831037521362,0.6535050272941589,0.6899036169052124,0.6648120880126953,0.6493021249771118,6,2,2.2e-05,1.0,cross_entropy,False,BERT,BertClassifier,AdamW,ReduceLROnPlateau,CrossEntropyLoss,True,256.8915491104126,1.4565739899623291,0.6932772994041443,0.6069409847259521,0.6919889450073242,0.6295881271362305,0.6184070110321045,0.819327731092437,,True,0.819327731092437,0.1134453781512605,0.0672268907563025,,,False,"{""Gravitational"": {""f1"": 0.7999999523162842, ""target"": 0.7, ""met"": true}, ""Human"": {""f1"": 0.7380952835083008, ""target"": 0.7, ""met"": true}, ""Other"": {""f1"": 0.6538461446762085, ""target"": 0.7, ""met"": false}, ""Vehicular"": {""f1"": 0.8089887499809265, ""target"": 0.7, ""met"": true}}"
2026-05-07 13:34:23,safetybert_final_02_best_lr22e6_do0275_repeat02_lr2.2e-05_do0.275_wd0.01_ml160,Aashutosh Chapagain,bdc1e15,trained_models/20260507_133037_safetybert/safetybert_model.pt,3,f1_macro,0.6283770203590393,1.0848438764926251,0.6919831037521362,0.6283770203590393,0.6738608479499817,0.6912248730659485,0.6345265507698059,6,2,2.2e-05,1.0,cross_entropy,False,BERT,BertClassifier,AdamW,ReduceLROnPlateau,CrossEntropyLoss,True,221.6295461654663,1.0126260927244397,0.7184873819351196,0.6432074904441833,0.7023632526397705,0.7223030924797058,0.6511940360069275,0.6176470588235294,,False,0.6176470588235294,0.226890756302521,0.1554621848739495,,,False,"{""Gravitational"": {""f1"": 0.8351647853851318, ""target"": 0.7, ""met"": true}, ""Human"": {""f1"": 0.7045454382896423, ""target"": 0.7, ""met"": true}, ""Other"": {""f1"": 0.6333332657814026, ""target"": 0.7, ""met"": false}, ""Vehicular"": {""f1"": 0.7956990003585815, ""target"": 0.7, ""met"": true}}"
2026-05-07 13:38:52,safetybert_final_03_lr21e6_do0275_lr2.1e-05_do0.275_wd0.01_ml160,Aashutosh Chapagain,bdc1e15,trained_models/20260507_133428_safetybert/safetybert_model.pt,5,f1_macro,0.6305386424064636,1.4076561087797463,0.7046413421630859,0.6305386424064636,0.6872323155403137,0.6672840118408203,0.6283855438232422,6,2,2.1e-05,1.0,cross_entropy,False,BERT,BertClassifier,AdamW,ReduceLROnPlateau,CrossEntropyLoss,True,258.96170020103455,1.432369978049723,0.6974790096282959,0.6177756190299988,0.6908276677131653,0.6843428015708923,0.604951798915863,0.8739495798319328,,True,0.8739495798319328,0.0924369747899159,0.0336134453781512,,,False,"{""Gravitational"": {""f1"": 0.7755102515220642, ""target"": 0.7, ""met"": true}, ""Human"": {""f1"": 0.7191011905670166, ""target"": 0.7, ""met"": true}, ""Other"": {""f1"": 0.6538461446762085, ""target"": 0.7, ""met"": false}, ""Vehicular"": {""f1"": 0.7872340083122253, ""target"": 0.7, ""met"": true}}"
2026-05-07 13:42:39,safetybert_final_04_lr23e6_do0275_lr2.3e-05_do0.275_wd0.01_ml160,Aashutosh Chapagain,bdc1e15,trained_models/20260507_133855_safetybert/safetybert_model.pt,3,f1_macro,0.6377052664756775,1.152513521130075,0.6835442781448364,0.6377052664756775,0.6746596693992615,0.6843434572219849,0.6291028261184692,6,2,2.3e-05,1.0,cross_entropy,False,BERT,BertClassifier,AdamW,ReduceLROnPlateau,CrossEntropyLoss,True,219.06878185272217,1.011045124851355,0.7310924530029297,0.6633777618408203,0.7214113473892212,0.7429937124252319,0.6844784021377563,0.6932773109243697,,False,0.6932773109243697,0.1974789915966386,0.1092436974789916,,,False,"{""Gravitational"": {""f1"": 0.7916666865348816, ""target"": 0.7, ""met"": true}, ""Human"": {""f1"": 0.7415729761123657, ""target"": 0.7, ""met"": true}, ""Other"": {""f1"": 0.696969747543335, ""target"": 0.7, ""met"": false}, ""Vehicular"": {""f1"": 0.8395061492919922, ""target"": 0.7, ""met"": true}}"
2026-05-07 13:45:45,safetybert_final_05_lr24e6_do0275_lr2.4e-05_do0.275_wd0.01_ml160,Aashutosh Chapagain,bdc1e15,trained_models/20260507_134244_safetybert/safetybert_model.pt,2,f1_macro,0.5817427039146423,1.0376887915003652,0.6624472737312317,0.5817427039146423,0.6436337232589722,0.6577046513557434,0.5712329149246216,6,2,2.4e-05,1.0,cross_entropy,False,BERT,BertClassifier,AdamW,ReduceLROnPlateau,CrossEntropyLoss,True,176.42549991607666,0.974380119508054,0.7016806602478027,0.5663936138153076,0.6768554449081421,0.6830713748931885,0.5814081430435181,0.5378151260504201,,False,0.5378151260504201,0.2605042016806723,0.2016806722689075,,,False,"{""Gravitational"": {""f1"": 0.8314606547355652, ""target"": 0.7, ""met"": true}, ""Human"": {""f1"": 0.6881720423698425, ""target"": 0.7, ""met"": false}, ""Other"": {""f1"": 0.6760563254356384, ""target"": 0.7, ""met"": false}, ""Vehicular"": {""f1"": 0.8764044642448425, ""target"": 0.7, ""met"": true}}"
2026-05-07 13:48:46,safetybert_final_06_lr22e6_do026_lr2.2e-05_do0.26_wd0.01_ml160,Aashutosh Chapagain,bdc1e15,trained_models/20260507_134549_safetybert/safetybert_model.pt,2,f1_macro,0.6436703205108643,0.9770116453935326,0.7257384061813354,0.6436703205108643,0.6905147433280945,0.6759523749351501,0.6439365744590759,6,2,2.2e-05,1.0,cross_entropy,False,BERT,BertClassifier,AdamW,ReduceLROnPlateau,CrossEntropyLoss,True,173.3736698627472,0.9556219257226513,0.668067216873169,0.4793277084827423,0.6292757391929626,0.5934546589851379,0.5140883326530457,0.4915966386554621,,False,0.4915966386554621,0.2689075630252101,0.2394957983193277,,,False,"{""Gravitational"": {""f1"": 0.8085106611251831, ""target"": 0.7, ""met"": true}, ""Human"": {""f1"": 0.7157894968986511, ""target"": 0.7, ""met"": true}, ""Other"": {""f1"": 0.5862069129943848, ""target"": 0.7, ""met"": false}, ""Vehicular"": {""f1"": 0.8172042965888977, ""target"": 0.7, ""met"": true}}"
2026-05-07 13:53:18,safetybert_final_07_lr22e6_do0285_lr2.2e-05_do0.285_wd0.01_ml160,Aashutosh Chapagain,bdc1e15,trained_models/20260507_134850_safetybert/safetybert_model.pt,4,f1_macro,0.6352913975715637,1.163172295324913,0.6708860993385315,0.6352913975715637,0.6674959063529968,0.6422271132469177,0.6474553346633911,6,2,2.2e-05,1.0,cross_entropy,False,BERT,BertClassifier,AdamW,ReduceLROnPlateau,CrossEntropyLoss,True,263.2246689796448,1.2327776400982833,0.7100840210914612,0.6312633752822876,0.6980884075164795,0.6743240356445312,0.6562483906745911,0.7352941176470589,,True,0.7352941176470589,0.2016806722689075,0.0630252100840336,,,False,"{""Gravitational"": {""f1"": 0.7872340679168701, ""target"": 0.7, ""met"": true}, ""Human"": {""f1"": 0.7088607549667358, ""target"": 0.7, ""met"": true}, ""Other"": {""f1"": 0.6785714030265808, ""target"": 0.7, ""met"": false}, ""Vehicular"": {""f1"": 0.791208803653717, ""target"": 0.7, ""met"": true}}"
2026-05-07 14:22:19,safetybert_final_08_lr22e6_do0275_e8_p3_lr2.2e-05_do0.275_wd0.01_ml160,Aashutosh Chapagain,bdc1e15,trained_models/20260507_135322_safetybert/safetybert_model.pt,7,f1_macro,0.630172610282898,1.824415986988112,0.6793248653411865,0.630172610282898,0.6648197174072266,0.6718094944953918,0.6139693856239319,8,3,2.2e-05,1.0,cross_entropy,False,BERT,BertClassifier,AdamW,ReduceLROnPlateau,CrossEntropyLoss,True,1733.30482506752,1.7120639074499868,0.7142857313156128,0.6602385640144348,0.70484459400177,0.7179502844810486,0.656132698059082,0.8781512605042017,,True,0.8781512605042017,0.0966386554621848,0.0252100840336134,,,False,"{""Gravitational"": {""f1"": 0.7959184646606445, ""target"": 0.7, ""met"": true}, ""Human"": {""f1"": 0.714285671710968, ""target"": 0.7, ""met"": true}, ""Other"": {""f1"": 0.6296296715736389, ""target"": 0.7, ""met"": false}, ""Vehicular"": {""f1"": 0.7659574747085571, ""target"": 0.7, ""met"": true}}"
2026-05-09 20:28:56,safetybert_final_best,Aashutosh Chapagain,c341f6c,trained_models/20260509_202430_safetybert/safetybert_model.pt,6,f1_macro,0.6126974821090698,1.5433651279296554,0.6624472737312317,0.6126974821090698,0.6558790802955627,0.6246506571769714,0.609251856803894,6,2,2e-05,1.0,cross_entropy,False,SafetyBERT,BertClassifier,AdamW,ReduceLROnPlateau,CrossEntropyLoss,True,261.6881980895996,1.4920904560312005,0.6974790096282959,0.6202911734580994,0.6890931129455566,0.6524436473846436,0.6300891637802124,0.8529411764705882,,True,0.8529411764705882,0.1050420168067226,0.042016806722689,,,False,"{""Gravitational"": {""f1"": 0.8351647853851318, ""target"": 0.7, ""met"": true}, ""Human"": {""f1"": 0.6875000596046448, ""target"": 0.7, ""met"": false}, ""Other"": {""f1"": 0.6274510025978088, ""target"": 0.7, ""met"": false}, ""Vehicular"": {""f1"": 0.7999999523162842, ""target"": 0.7, ""met"": true}}"
2026-05-09 20:35:19,safetybert_final_best,Aashutosh Chapagain,c341f6c,trained_models/20260509_203011_safetybert/safetybert_model.pt,5,f1_macro,0.6506102085113525,1.3863389039341407,0.6751055121421814,0.6506102085113525,0.6744024753570557,0.6409677863121033,0.6731047034263611,10,2,2e-05,1.0,cross_entropy,False,SafetyBERT,BertClassifier,AdamW,ReduceLROnPlateau,CrossEntropyLoss,True,304.3410828113556,1.3089605249276681,0.7100840210914612,0.6459318399429321,0.708693265914917,0.6733250021934509,0.668599009513855,0.7394957983193278,,True,0.7394957983193278,0.20168067226890757,0.058823529411764705,,,False,"{""Gravitational"": {""f1"": 0.7956989407539368, ""target"": 0.7, ""met"": true}, ""Human"": {""f1"": 0.7088607549667358, ""target"": 0.7, ""met"": true}, ""Other"": {""f1"": 0.6440678238868713, ""target"": 0.7, ""met"": false}, ""Vehicular"": {""f1"": 0.8314606547355652, ""target"": 0.7, ""met"": true}}"
